Description,Vendor,Product,Severity,Attack Complexity,Attack Vector,Availability Impact,Confidentiality Impact,Integrity Impact,Privileges Required,Scope,User Interaction
A condition exists in FlashArray Purity whereby a local account intended for initial array configuration remains active potentially allowing a malicious actor to gain elevated privileges.,Pure Storage,FlashArray,CRITICAL,LOW,NETWORK,HIGH,HIGH,HIGH,NONE,CHANGED,NONE
A condition exists in FlashArray Purity whereby an attacker can employ a privileged account allowing remote access to the array.,PureStorage,FlashArray,CRITICAL,LOW,NETWORK,HIGH,HIGH,HIGH,NONE,CHANGED,NONE
A condition exists in FlashArray Purity whereby a malicious user could use a remote administrative service to create an account on the array allowing privileged access.,PureStorage,FlashArray,CRITICAL,LOW,NETWORK,HIGH,HIGH,HIGH,HIGH,CHANGED,NONE
A condition exists in FlashArray Purity whereby an user with array admin role can execute arbitrary commands remotely to escalate privilege on the array.,PureStorage,FlashArray,CRITICAL,LOW,NETWORK,HIGH,HIGH,HIGH,HIGH,CHANGED,NONE
A condition exists in FlashArray and FlashBlade Purity whereby a malicious user could execute arbitrary commands remotely through a specifically crafted SNMP configuration.,PureStorage,FlashArray,CRITICAL,LOW,NETWORK,HIGH,HIGH,HIGH,HIGH,CHANGED,NONE
A cross-site scripting (XSS) vulnerability in Palo Alto Networks PAN-OS software enables a malicious authenticated read-write administrator to store a JavaScript payload using the web interface on Panorama appliances. This enables the impersonation of another authenticated administrator.,Palo Alto Networks,PAN-OS,MEDIUM,LOW,NETWORK,HIGH,HIGH,HIGH,HIGH,UNCHANGED,REQUIRED
"Web sessions in the management interface in Palo Alto Networks PAN-OS software do not expire in certain situations, making it susceptible to unauthorized access.",Palo Alto Networks,PAN-OS,MEDIUM,LOW,PHYSICAL,HIGH,HIGH,HIGH,NONE,UNCHANGED,REQUIRED
An improper verification vulnerability in the GlobalProtect gateway feature of Palo Alto Networks PAN-OS software enables a malicious user with stolen credentials to establish a VPN connection from an unauthorized IP address.,Palo Alto Networks,PAN-OS,MEDIUM,LOW,NETWORK,LOW,LOW,LOW,LOW,UNCHANGED,NONE
"A reflected cross-site scripting (XSS) vulnerability in the GlobalProtect portal feature of Palo Alto Networks PAN-OS software enables execution of malicious JavaScript (in the context of a user’s browser) if a user clicks on a malicious link, allowing phishing attacks that could lead to credential theft.",Palo Alto Networks,PAN-OS,MEDIUM,LOW,NETWORK,NONE,NONE,LOW,NONE,UNCHANGED,REQUIRED
"A reflected cross-site scripting (XSS) vulnerability in the Captive Portal feature of Palo Alto Networks PAN-OS software enables execution of malicious JavaScript (in the context of an authenticated Captive Portal user’s browser) if a user clicks on a malicious link, allowing phishing attacks that could lead to credential theft.",Palo Alto Networks,PAN-OS,MEDIUM,LOW,NETWORK,NONE,NONE,LOW,NONE,UNCHANGED,REQUIRED
"Sandro Poppi, member of the AXIS OS Bug Bounty Program, has found that the VAPIX APIs local_list.cgi, create_overlay.cgi and irissetup.cgi was vulnerable for file globbing which could lead to a resource exhaustion attack. Axis has released patched AXIS OS
versions for the highlighted flaw. Please refer to the Axis security advisory
for more information and solution.",Axis Communications AB,AXIS OS,MEDIUM,LOW,NETWORK,HIGH,NONE,NONE,LOW,UNCHANGED,NONE
"Sandro Poppi, member of the AXIS OS Bug Bounty Program, has found that the VAPIX APIs mediaclip.cgi and playclip.cgi was vulnerable for file globbing which could lead to a resource exhaustion attack. Axis has released patched AXIS OS versions for the highlighted flaw. Please refer to the Axis security advisory for more information and solution.",Axis Communications AB,AXIS OS,MEDIUM,LOW,NETWORK,HIGH,NONE,NONE,LOW,UNCHANGED,NONE
"Johan Fagerström, member of the AXIS OS Bug Bounty Program, has found that a O3C feature may expose sensitive traffic between the client (Axis device) and (O3C) server. If O3C is not being used this flaw does not apply. 
Axis has released patched AXIS OS versions for the highlighted flaw. Please refer to the Axis security advisory for more information and solution.",Axis Communications AB,AXIS OS,MEDIUM,LOW,NETWORK,NONE,LOW,NONE,NONE,UNCHANGED,NONE
"Marinus Pfund, member of the AXIS OS Bug Bounty Program, 
has found the VAPIX API ledlimit.cgi was vulnerable for path traversal attacks allowing to list folder/file names on the local file system of the Axis device. 
Axis has released patched AXIS OS versions for the highlighted flaw. Please refer to the Axis security advisory for more information and solution.",Axis Communications AB,AXIS OS,MEDIUM,LOW,NETWORK,NONE,LOW,NONE,LOW,UNCHANGED,NONE
"Improper Link Resolution Before File Access ('Link Following') vulnerability in HYPR Workforce Access on MacOS allows File Manipulation.This issue affects Workforce Access: before 8.7.1.

",HYPR,Workforce Access,MEDIUM,HIGH,LOCAL,LOW,LOW,HIGH,LOW,UNCHANGED,REQUIRED
"
NVIDIA CUDA toolkit for all platforms contains a vulnerability in cuobjdump and nvdisasm where an attacker may cause a crash by tricking a user into reading a malformed ELF file. A successful exploit of this vulnerability may lead to a partial denial of service.

",NVIDIA,NVIDIA CUDA Toolkit,LOW,LOW,LOCAL,LOW,NONE,NONE,NONE,UNCHANGED,REQUIRED
"
NVIDIA CUDA toolkit for all platforms contains a vulnerability in cuobjdump and nvdisasm where an attacker may cause a crash by tricking a user into reading a malformed ELF file. A successful exploit of this vulnerability may lead to a partial denial of service.

",NVIDIA,NVIDIA CUDA Toolkit,LOW,LOW,LOCAL,LOW,NONE,NONE,NONE,UNCHANGED,REQUIRED
"
NVIDIA nvTIFF Library for Windows and Linux contains a vulnerability where improper input validation might enable an attacker to use a specially crafted input file. A successful exploit of this vulnerability might lead to a partial denial of service.

",NVIDIA,nvTIFF Library,LOW,LOW,LOCAL,LOW,NONE,NONE,LOW,UNCHANGED,REQUIRED
"
NVIDIA NeMo framework for Ubuntu contains a vulnerability in tools/asr_webapp where an attacker may cause an allocation of resources without limits or throttling. A successful exploit of this vulnerability may lead to a server-side denial of service.

",NVIDIA,NeMo,HIGH,LOW,NETWORK,HIGH,NONE,NONE,NONE,CHANGED,NONE
"NVIDIA Mellanox OS, ONYX, Skyway, MetroX-2 and MetroX-3 XC contain a vulnerability in ipfilter, where improper ipfilter definitions could enable an attacker to cause a failure by attacking the switch. A successful exploit of this vulnerability might lead to denial of service.",NVIDIA,Mellanox OS,HIGH,LOW,NETWORK,HIGH,NONE,NONE,NONE,UNCHANGED,NONE
"NVIDIA CUDA Toolkit for all platforms contains a vulnerability in nvdisasm, where an attacker can cause an out-of-bounds read issue by deceiving a user into reading a malformed ELF file. A successful exploit of this vulnerability might lead to denial of service.",NVIDIA,NVIDIA CUDA Toolkit,LOW,LOW,LOCAL,LOW,NONE,NONE,NONE,UNCHANGED,REQUIRED
"NVIDIA Mellanox OS, ONYX, Skyway, MetroX-2 and MetroX-3 XC contain a vulnerability in the LDAP AAA component, where a user can cause improper access. A successful exploit of this vulnerability might lead to information disclosure, data tampering, and escalation of privileges.",NVIDIA,Mellanox OS,MEDIUM,HIGH,NETWORK,NONE,LOW,LOW,LOW,UNCHANGED,NONE
"NVIDIA ConnectX Firmware contains a vulnerability where an attacker may cause an improper handling of insufficient privileges issue. A successful exploit of this vulnerability may lead to denial of service, data tampering, and limited information disclosure.",NVIDIA,ConnectX4,HIGH,LOW,ADJACENT_NETWORK,HIGH,LOW,HIGH,LOW,CHANGED,NONE
"NVIDIA ConnectX Host Firmware for the BlueField Data Processing Unit (DPU) contains a vulnerability where an attacker may cause an improper handling of insufficient privileges issue. A successful exploit of this vulnerability may lead to denial of service, data tampering, and limited information disclosure.",NVIDIA,BlueField 1,HIGH,LOW,LOCAL,HIGH,LOW,HIGH,LOW,CHANGED,NONE
"NVIDIA GPU Display Driver for Windows contains a vulnerability in the user mode layer, where an unprivileged regular user can cause an out-of-bounds read. A successful exploit of this vulnerability might lead to code execution, denial of service, escalation of privileges, information disclosure, and data tampering.",NVIDIA,"GPU Display Driver, vGPU Software, Cloud Gaming",HIGH,LOW,LOCAL,HIGH,HIGH,HIGH,NONE,UNCHANGED,REQUIRED
"NVIDIA Jetson Linux contains a vulnerability in NvGPU where error handling paths in GPU MMU mapping code fail to clean up a failed mapping attempt. A successful exploit of this vulnerability may lead to denial of service, code execution, and escalation of privileges.",NVIDIA,"NVIDIA Jetson AGX Xavier series, Jetson Xavier NX, Jetson TX2 series, Jetson TX2 NX, Jetson TX1, Jetson Nano series",HIGH,LOW,LOCAL,LOW,HIGH,HIGH,LOW,CHANGED,NONE
NVIDIA CUDA Toolkit contains a vulnerability in command `cuobjdump` where a user may cause a crash by passing in a malformed ELF file. A successful exploit of this vulnerability may cause an out of bounds read in the unprivileged process memory which could lead to a limited denial of service.,NVIDIA,NVIDIA CUDA Toolkit,LOW,LOW,LOCAL,LOW,NONE,NONE,NONE,UNCHANGED,REQUIRED
NVIDIA CUDA Toolkit contains a vulnerability in command `cuobjdump` where a user may cause an out-of-bound write by passing in a malformed ELF file. A successful exploit of this vulnerability may lead to code execution or denial of service.,NVIDIA,CUDA Toolkit,MEDIUM,LOW,LOCAL,NONE,LOW,LOW,NONE,UNCHANGED,REQUIRED
NVIDIA CUDA Toolkit contains a vulnerability in command 'cuobjdump' where a user may cause a crash or produce incorrect output by passing a malformed ELF file. A successful exploit of this vulnerability may lead to a limited denial of service or data tampering.,NVIDIA,CUDA Toolkit,MEDIUM,LOW,LOCAL,LOW,NONE,LOW,NONE,UNCHANGED,REQUIRED
"NVIDIA Jetson AGX Orin™ and NVIDIA IGX Orin software contain a vulnerability where an attacker can cause an improper input validation issue by escalating certain permissions to a limited degree. A successful exploit of this vulnerability might lead to code execution, denial of service, data corruption, information disclosure, or escalation of privilege.",NVIDIA,"Jetson AGX Orin series (including Jetson Orin NX series, Jetson Orin Nano series)",HIGH,HIGH,LOCAL,HIGH,HIGH,HIGH,HIGH,CHANGED,NONE
"NVIDIA Mellanox OS, ONYX, Skyway, and MetroX-3 XCC contain a vulnerability in the web support, where an attacker can cause a CGI path traversal by a specially crafted URI. A successful exploit of this vulnerability might lead to escalation of privileges and information disclosure.",NVIDIA,Mellanox OS,HIGH,HIGH,NETWORK,HIGH,HIGH,HIGH,NONE,UNCHANGED,REQUIRED
"NVIDIA Hopper HGX for 8-GPU contains a vulnerability in the HGX Management Controller (HMC) that may allow a malicious actor with administrative access on the BMC to access the HMC as an administrator. A successful exploit of this vulnerability may lead to code execution, denial of service, escalation of privileges, information disclosure, and data tampering.",NVIDIA,NVIDIA Hopper HGX 8-GPU,HIGH,LOW,LOCAL,HIGH,LOW,HIGH,HIGH,CHANGED,NONE
"NVIDIA CV-CUDA for Ubuntu 20.04, Ubuntu 22.04, and Jetpack contains a vulnerability in Python APIs where a user may cause an uncontrolled resource consumption issue by a long running CV-CUDA Python process. A successful exploit of this vulnerability may lead to denial of service and data loss.",NVIDIA,NVIDIA CV-CUDA,MEDIUM,LOW,LOCAL,HIGH,NONE,LOW,LOW,UNCHANGED,NONE
NVIDIA Triton Inference Server contains a vulnerability where a user may cause an out-of-bounds read issue by releasing a shared memory region while it is in use. A successful exploit of this vulnerability may lead to denial of service.,NVIDIA,Triton Inference Server,MEDIUM,LOW,NETWORK,HIGH,NONE,NONE,HIGH,UNCHANGED,NONE
"NVIDIA GPU Display Driver for Windows contains a vulnerability in the user mode layer, where an unprivileged regular user can cause an out-of-bounds read. A successful exploit of this vulnerability might lead to code execution, denial of service, escalation of privileges, information disclosure, and data tampering.",NVIDIA,"GPU, vGPU, and Cloud Gaming",HIGH,LOW,LOCAL,HIGH,HIGH,HIGH,NONE,UNCHANGED,REQUIRED
"NVIDIA GPU Display Driver for Windows contains a vulnerability in the user mode layer, where an unprivileged regular user can cause an out-of-bounds read. A successful exploit of this vulnerability might lead to code execution, denial of service, escalation of privileges, information disclosure, and data tampering.",NVIDIA,"GPU, vGPU, and Cloud Gaming",HIGH,LOW,LOCAL,HIGH,HIGH,HIGH,NONE,UNCHANGED,REQUIRED
"NVIDIA GPU Display Driver for Windows contains a vulnerability in the user mode layer, where an unprivileged regular user can cause an out-of-bounds read. A successful exploit of this vulnerability might lead to code execution, denial of service, escalation of privileges, information disclosure, and data tampering.",NVIDIA,"GPU, vGPU, and Cloud Gaming",HIGH,LOW,LOCAL,HIGH,HIGH,HIGH,NONE,UNCHANGED,REQUIRED
"NVIDIA GPU Display Driver for Windows contains a vulnerability in the user mode layer, where an unprivileged regular user can cause an out-of-bounds read. A successful exploit of this vulnerability might lead to code execution, denial of service, escalation of privileges, information disclosure, and data tampering.",NVIDIA,"GPU, vGPU, and Cloud Gaming",HIGH,LOW,LOCAL,HIGH,HIGH,HIGH,NONE,UNCHANGED,REQUIRED
"NVIDIA GPU Display Driver for Windows contains a vulnerability in the user mode layer, where an unprivileged regular user can cause an out-of-bounds read. A successful exploit of this vulnerability might lead to code execution, denial of service, escalation of privileges, information disclosure, and data tampering.",NVIDIA,"GPU, vGPU, and Cloud Gaming",HIGH,LOW,LOCAL,HIGH,HIGH,HIGH,NONE,UNCHANGED,REQUIRED
NVIDIA Delegated Licensing Service for all appliance platforms contains a vulnerability where an attacker may cause an unauthorized action. A successful exploit of this vulnerability may lead to partial denial of service and confidential information disclosure.,NVIDIA,DLS component of NVIDIA License System,HIGH,LOW,ADJACENT_NETWORK,LOW,HIGH,LOW,NONE,UNCHANGED,NONE
NVIDIA CUDA toolkit for Windows and Linux contains a vulnerability in the nvdisasm command line tool where an attacker may cause an improper validation in input issue by tricking the user into running nvdisasm on a malicious ELF file. A successful exploit of this vulnerability may lead to denial of service.,NVIDIA,CUDA Toolkit,LOW,LOW,LOCAL,LOW,NONE,NONE,NONE,UNCHANGED,REQUIRED
"NVIDIA CUDA Toolkit for Windows and Linux contains a vulnerability in the nvdisam command line tool, where a user can cause nvdisasm to read freed memory by running it on a malformed ELF file. A successful exploit of this vulnerability might lead to a limited denial of service.",NVIDIA,CUDA Toolkit,LOW,LOW,LOCAL,LOW,NONE,NONE,NONE,UNCHANGED,REQUIRED
"NVIDIA CUDA Toolkit for Windows and Linux contains a vulnerability in the nvdisam command line tool, where a user can cause a NULL pointer dereference by running nvdisasm on a malformed ELF file. A successful exploit of this vulnerability might lead to a limited denial of service.",NVIDIA,CUDA Toolkit,LOW,LOW,LOCAL,LOW,NONE,NONE,NONE,UNCHANGED,REQUIRED
"NVIDIA GPU Display Driver for Windows and Linux contains a vulnerability which could allow a privileged attacker to escalate permissions. A successful exploit of this vulnerability might lead to code execution, denial of service, escalation of privileges, information disclosure, and data tampering.",NVIDIA,"GPU, vGPU, and Cloud Gaming",HIGH,LOW,LOCAL,HIGH,HIGH,HIGH,HIGH,CHANGED,NONE
"NVIDIA vGPU software contains a vulnerability in the GPU kernel driver of the vGPU Manager for all supported hypervisors, where a user of the guest OS can cause an improper input validation by compromising the guest OS kernel. A successful exploit of this vulnerability might lead to code execution, escalation of privileges, data tampering, denial of service, and information disclosure.",NVIDIA,vGPU and Cloud Gaming,HIGH,LOW,LOCAL,HIGH,HIGH,HIGH,LOW,UNCHANGED,NONE
"NVIDIA vGPU software contains a vulnerability in the Virtual GPU Manager that allows a user of the guest OS to access global resources. A successful exploit of this vulnerability might lead to information disclosure, data tampering, and escalation of privileges.",NVIDIA,vGPU and Cloud Gaming,HIGH,LOW,LOCAL,NONE,HIGH,HIGH,LOW,UNCHANGED,NONE
NVIDIA NeMo contains a vulnerability in SaveRestoreConnector where a user may cause a path traversal issue via an unsafe .tar file extraction. A successful exploit of this vulnerability may lead to code execution and data tampering.,NVIDIA,NeMo,MEDIUM,LOW,LOCAL,LOW,LOW,LOW,LOW,CHANGED,NONE
"NVIDIA UFM Enterprise, UFM Appliance, and UFM CyberAI contain a vulnerability where an attacker can cause an improper authentication issue by sending a malformed request through the Ethernet management interface. A successful exploit of this vulnerability might lead to escalation of privileges, data tampering, denial of service, and information disclosure.",NVIDIA,UFM Enterprise GA,HIGH,LOW,ADJACENT_NETWORK,HIGH,HIGH,HIGH,NONE,UNCHANGED,NONE
NVIDIA GPU kernel driver for Windows and Linux contains a vulnerability where a potential user-mode attacker could read  a buffer with an incorrect length. A successful exploit of this vulnerability might lead to denial of service.,NVIDIA,"NVIDIA GPU Display Driver, vGPU software",MEDIUM,LOW,LOCAL,HIGH,NONE,NONE,HIGH,UNCHANGED,NONE
"NVIDIA Container Toolkit 1.16.1 or earlier contains a Time-of-check Time-of-Use (TOCTOU) vulnerability when used with default configuration where a specifically crafted container image may gain access to the host file system. This does not impact use cases where CDI is used. A successful exploit of this vulnerability may lead to code execution, denial of service, escalation of privileges, information disclosure, and data tampering.",NVIDIA,Container Toolkit,CRITICAL,LOW,NETWORK,HIGH,HIGH,HIGH,LOW,CHANGED,REQUIRED
NVIDIA Container Toolkit 1.16.1 or earlier contains a vulnerability in the default mode of operation allowing a specially crafted container image to create empty files on the host file system. This does not impact use cases where CDI is used. A successful exploit of this vulnerability may lead to data tampering.,NVIDIA,Container Toolkit,MEDIUM,LOW,NETWORK,NONE,NONE,LOW,LOW,CHANGED,REQUIRED
NVIDIA Container Toolkit and NVIDIA GPU Operator for Linux contain a UNIX vulnerability where a specially crafted container image can lead to the creation of unauthorized files on the host. The name and location of the files cannot be controlled by an attacker. A successful exploit of this vulnerability might lead to data tampering.,NVIDIA,NVIDIA Container Toolkit,MEDIUM,LOW,NETWORK,NONE,NONE,LOW,LOW,CHANGED,REQUIRED
"NVIDIA Container Toolkit contains an improper isolation vulnerability where a specially crafted container image could lead to modification of a host binary. A successful exploit of this vulnerability may lead to code execution, denial of service, escalation of privileges, information disclosure, and data tampering.",NVIDIA,NVIDIA Container Toolkit,HIGH,HIGH,NETWORK,HIGH,HIGH,HIGH,HIGH,CHANGED,REQUIRED
"NVIDIA Container Toolkit contains an improper isolation vulnerability where a specially crafted container image could lead to untrusted code obtaining read and write access to host devices. This vulnerability is present only when the NVIDIA Container Toolkit is configured in a nondefault way. A successful exploit of this vulnerability may lead to code execution, denial of service, escalation of privileges, information disclosure, and data tampering.",NVIDIA,NVIDIA Container Toolkit,HIGH,HIGH,NETWORK,HIGH,HIGH,HIGH,HIGH,CHANGED,REQUIRED
NVIDIA Container Toolkit contains an improper isolation vulnerability where a specially crafted container image could lead to untrusted code running in the host’s network namespace. This vulnerability is present only when the NVIDIA Container Toolkit is configured in a nondefault way. A successful exploit of this vulnerability may lead to denial of service and escalation of privileges.,NVIDIA,NVIDIA Container Toolkit,MEDIUM,HIGH,NETWORK,LOW,LOW,LOW,LOW,CHANGED,REQUIRED
"NVIDIA Base Command Manager contains a missing authentication vulnerability in the CMDaemon component. A successful exploit of this vulnerability might lead to code execution, denial of service, escalation of privileges, information disclosure, and data tampering.",NVIDIA,Base Command Manager,CRITICAL,LOW,NETWORK,HIGH,HIGH,HIGH,NONE,UNCHANGED,NONE
NVIDIA Base Command Manager and Bright Cluster Manager for Linux contain an insecure temporary file vulnerability. A successful exploit of this vulnerability might lead to denial of service.,NVIDIA,Base Command Manager,MEDIUM,HIGH,LOCAL,HIGH,NONE,NONE,LOW,UNCHANGED,REQUIRED
"NVIDIA RAPIDS contains a vulnerability in cuDF and cuML, where a user could cause a deserialization of untrusted data issue. A successful exploit of this vulnerability might lead to code execution, data tampering, denial of service, and information disclosure.",NVIDIA,RAPIDS cuDF and cuML,MEDIUM,LOW,LOCAL,HIGH,LOW,HIGH,LOW,UNCHANGED,REQUIRED
NVIDIA Hopper HGX for 8-GPU contains a vulnerability in the GPU vBIOS that may allow a malicious actor with tenant level GPU access to write to an unsupported registry causing a bad state. A successful exploit of this vulnerability may lead to denial of service.,NVIDIA,NVIDIA Hopper HGX 8-GPU,MEDIUM,LOW,NETWORK,HIGH,NONE,NONE,HIGH,CHANGED,NONE
NVIDIA nvJPEG2000 library contains a vulnerability where an attacker can cause an out-of-bounds write issue by means of a specially crafted JPEG2000 file. A successful exploit of this vulnerability might lead to code execution and data tampering.,NVIDIA,nvJPEG2000,MEDIUM,HIGH,NETWORK,HIGH,NONE,HIGH,NONE,UNCHANGED,REQUIRED
NVIDIA nvJPEG2000 library contains a vulnerability where an attacker can cause an out-of-bounds write issue by means of a specially crafted JPEG2000 file. A successful exploit of this vulnerability might lead to code execution and data tampering.,NVIDIA,nvJPEG2000,MEDIUM,HIGH,NETWORK,HIGH,NONE,HIGH,NONE,UNCHANGED,REQUIRED
NVIDIA nvJPEG2000 library contains a vulnerability where an attacker can cause a buffer overflow issue by means of a specially crafted JPEG2000 file. A successful exploit of this vulnerability might lead to data tampering.,NVIDIA,nvJPEG2000,MEDIUM,HIGH,NETWORK,HIGH,NONE,HIGH,NONE,UNCHANGED,REQUIRED
NVIDIA nvJPEG2000 library contains a vulnerability where an attacker can cause a heap-based buffer overflow issue by means of a specially crafted JPEG2000 file. A successful exploit of this vulnerability might lead to code execution and data tampering.,NVIDIA,nvJPEG2000,MEDIUM,HIGH,NETWORK,HIGH,NONE,HIGH,NONE,UNCHANGED,REQUIRED
"NVIDIA vGPU software contains a vulnerability in the Virtual GPU Manager, where a malicious guest could cause memory corruption. A successful exploit of this vulnerability might lead to code execution, denial of service, information disclosure, or data tampering.",NVIDIA,NVIDIA vGPU software,HIGH,LOW,LOCAL,HIGH,HIGH,HIGH,LOW,UNCHANGED,NONE
NVIDIA GPU display driver for Windows and Linux contains a vulnerability where referencing memory after it has been freed can lead to denial of service or data tampering.,NVIDIA,"NVIDIA GPU Display Driver, vGPU software",MEDIUM,LOW,LOCAL,HIGH,NONE,NONE,LOW,UNCHANGED,NONE
"NVIDIA Jetson Linux and IGX OS image contains a vulnerability in the UEFI firmware RCM boot mode, where an unprivileged attacker with physical access to the device could load untrusted code. A successful exploit might lead to code execution, escalation of privileges, data tampering, denial of service, and information disclosure. The scope of the impacts can extend to other components.",NVIDIA,IGX Orin,HIGH,LOW,PHYSICAL,HIGH,HIGH,HIGH,NONE,CHANGED,NONE
NVIDIA GPU Display Driver for Linux contains a vulnerability which could allow an attacker unauthorized access to files. A successful exploit of this vulnerability might lead to limited information disclosure.,NVIDIA,"NVIDIA GPU Display Driver, vGPU software",LOW,LOW,LOCAL,NONE,LOW,NONE,LOW,UNCHANGED,NONE
"NVIDIA GPU display driver for Windows and Linux contains a vulnerability where data is written past the end or before the beginning of a buffer. A successful exploit of this vulnerability might lead to information disclosure, denial of service, or data tampering.",NVIDIA,"NVIDIA GPU Display Driver, vGPU software",HIGH,LOW,LOCAL,HIGH,NONE,HIGH,LOW,UNCHANGED,NONE
Dell PowerEdge Server BIOS and Dell Precision Rack BIOS contain an improper parameter initialization vulnerability. A local low privileged attacker could potentially exploit this vulnerability to read the contents of non-SMM stack memory.,Dell,PowerEdge Platform,LOW,LOW,LOCAL,NONE,LOW,NONE,LOW,CHANGED,NONE
"Dell Digital Delivery, versions prior to 5.2.0.0, contain a Use After Free Vulnerability. A local low privileged attacker could potentially exploit this vulnerability, leading to application crash or execution of arbitrary code.",Dell,Dell Digital Delivery (D3),HIGH,HIGH,LOCAL,HIGH,HIGH,HIGH,LOW,UNCHANGED,NONE
"Dell Digital Delivery, versions prior to 5.2.0.0, contain a Buffer Overflow Vulnerability. A local low privileged attacker could potentially exploit this vulnerability, leading to arbitrary code execution and/or privilege escalation.",Dell,Dell Digital Delivery (D3),HIGH,HIGH,LOCAL,HIGH,HIGH,HIGH,LOW,UNCHANGED,NONE
"Dell Storage Resource Manager, 4.9.0.0 and below, contain(s) a Session Fixation Vulnerability in SRM Windows Host Agent. An adjacent network unauthenticated attacker could potentially exploit this vulnerability, leading to the hijack of a targeted user's application session.",Dell,Dell Storage Resource Manager,MEDIUM,HIGH,NETWORK,HIGH,NONE,NONE,NONE,UNCHANGED,NONE
"Dell BIOS contains an improper input validation vulnerability. A local authenticated malicious user with admin privileges may potentially exploit this vulnerability to modify a UEFI variable, leading to denial of service and escalation of privileges",Dell,CPG BIOS,MEDIUM,LOW,LOCAL,LOW,NONE,HIGH,HIGH,UNCHANGED,NONE
"Dell Alienware Command Center, versions 5.5.52.0 and prior, contain improper access control vulnerability, leading to Denial of Service on local system.",Dell,Alienware Command Center (AWCC),MEDIUM,HIGH,LOCAL,HIGH,HIGH,HIGH,LOW,UNCHANGED,REQUIRED
Dell Client Platform contains an incorrect authorization vulnerability. An attacker with physical access to the system could potentially exploit this vulnerability by bypassing BIOS authorization to modify settings in the BIOS.,Dell,CPG BIOS,MEDIUM,LOW,PHYSICAL,HIGH,HIGH,HIGH,NONE,UNCHANGED,NONE
Dell PowerEdge Server BIOS and Dell Precision Rack BIOS contain an Improper SMM communication buffer verification vulnerability. A local low privileged attacker could potentially exploit this vulnerability leading to arbitrary writes to SMRAM.,Dell,PowerEdge Platform,HIGH,HIGH,LOCAL,HIGH,NONE,HIGH,HIGH,CHANGED,NONE
Dell PowerEdge Server BIOS and Dell Precision Rack BIOS contain an Improper SMM communication buffer verification vulnerability. A local low privileged attacker could potentially exploit this vulnerability leading to out-of-bound read/writes to SMRAM.,Dell,PowerEdge BIOS Intel 16G,MEDIUM,HIGH,LOCAL,LOW,LOW,LOW,LOW,CHANGED,NONE
Dell PowerEdge Server BIOS and Dell Precision Rack BIOS contain a TOCTOU race condition vulnerability. A local low privileged attacker could potentially exploit this vulnerability to gain access to otherwise unauthorized resources.,Dell,PowerEdge BIOS Intel 16G,MEDIUM,HIGH,LOCAL,LOW,LOW,LOW,LOW,CHANGED,NONE
"
Dell Unity, versions prior to 5.4, contain an OS Command Injection Vulnerability in its svc_topstats utility. An authenticated attacker could potentially exploit this vulnerability, leading to the execution of arbitrary commands with elevated privileges.

",Dell,Unity,HIGH,LOW,LOCAL,HIGH,HIGH,HIGH,LOW,UNCHANGED,NONE
"
Dell Unity, versions prior to 5.4, contains an OS Command Injection Vulnerability in its svc_acldb_dump utility. An authenticated attacker could potentially exploit this vulnerability, leading to execution of arbitrary operating system commands with root privileges.

",Dell,Unity,HIGH,LOW,LOCAL,HIGH,HIGH,HIGH,LOW,UNCHANGED,NONE
"
Dell Unity, versions prior to 5.4, contains an OS Command Injection Vulnerability in its svc_tcpdump utility. An authenticated attacker could potentially exploit this vulnerability, leading to the execution of arbitrary OS commands with elevated privileges.

",Dell,Unity,HIGH,LOW,LOCAL,HIGH,HIGH,HIGH,LOW,UNCHANGED,NONE
"
Dell Unity, versions prior to 5.4, contains an OS Command Injection Vulnerability in the svc_topstats utility. An authenticated attacker could potentially exploit this vulnerability, leading to the ability to overwrite arbitrary files on the file system with root privileges.

",Dell,Unity,HIGH,LOW,LOCAL,HIGH,HIGH,HIGH,LOW,UNCHANGED,NONE
"
Dell Unity, versions prior to 5.4, contains a Command Injection Vulnerability in svc_oscheck utility. An authenticated attacker could potentially exploit this vulnerability, leading to the ability to inject arbitrary operating system commands. This vulnerability allows an authenticated attacker to execute commands with root privileges.

",Dell,Unity,HIGH,LOW,LOCAL,HIGH,HIGH,HIGH,LOW,UNCHANGED,NONE
"Dell Unity, version(s) 5.3 and prior, contain(s) an Improper Neutralization of Input During Web Page Generation ('Cross-site Scripting') vulnerability. A low privileged attacker with remote access could potentially exploit this vulnerability, leading to Information exposure.",Dell,Unity,MEDIUM,LOW,NETWORK,NONE,HIGH,NONE,LOW,UNCHANGED,REQUIRED
"
Dell Unity, versions prior to 5.4, contains an OS Command Injection Vulnerability in its svc_cava utility. An authenticated attacker could potentially exploit this vulnerability, escaping the restricted shell and execute arbitrary operating system commands with root privileges.

",Dell,Unity,HIGH,LOW,LOCAL,HIGH,HIGH,HIGH,LOW,UNCHANGED,NONE
Dell PowerEdge Server BIOS contains an TOCTOU race condition vulnerability. A local low privileged attacker could potentially exploit this vulnerability to gain access to otherwise unauthorized resources.,Dell,PowerEdge Platform,MEDIUM,HIGH,LOCAL,LOW,LOW,LOW,LOW,CHANGED,NONE
"Dell PowerEdge Server BIOS and Dell Precision Rack BIOS contain an improper privilege management security vulnerability. An unauthenticated local attacker could potentially exploit this vulnerability, leading to privilege escalation.",Dell,PowerEdge Platform,HIGH,LOW,LOCAL,LOW,NONE,HIGH,NONE,CHANGED,NONE
Dell PowerEdge Server BIOS and Dell Precision Rack BIOS contain an improper parameter initialization vulnerability. A local low privileged attacker could potentially exploit this vulnerability to read the contents of non-SMM stack memory.,Dell,PowerEdge Platform	,LOW,LOW,LOCAL,NONE,LOW,NONE,LOW,CHANGED,NONE
"SMM Callout vulnerability within the AmdCpmDisplayFeatureSMM driver could allow locally authenticated attackers to overwrite SMRAM, potentially resulting in arbitrary code execution.",AMD,AMD Ryzen™ 3000 Series Desktop Processors,HIGH,LOW,LOCAL,HIGH,HIGH,HIGH,HIGH,CHANGED,NONE
"A flaw in the installer for Thales SafeNet Sentinel HASP LDK prior to 9.16 on Windows allows an attacker to escalate their privilege level via local access.

",Thales,Sentinel HASP LDK,HIGH,LOW,LOCAL,HIGH,HIGH,HIGH,NONE,UNCHANGED,REQUIRED
"An authorization bypass vulnerability was discovered in GitLab affecting versions 11.3 prior to 16.7.7, 16.7.6 prior to 16.8.4, and 16.8.3 prior to 16.9.2. An attacker could bypass CODEOWNERS by utilizing a crafted payload in an old feature branch to perform malicious actions.",GitLab,GitLab,HIGH,HIGH,NETWORK,NONE,HIGH,HIGH,LOW,CHANGED,REQUIRED
"An unsafe reflection vulnerability was identified in GitHub Enterprise Server that could lead to reflection injection. This vulnerability could lead to the execution of user-controlled methods and remote code execution. To exploit this bug, an actor would need to be logged into an account on the GHES instance with the organization owner role. This vulnerability affected all versions of GitHub Enterprise Server prior to 3.12 and was fixed in versions 3.8.13, 3.9.8, 3.10.5, and 3.11.3. This vulnerability was reported via the GitHub Bug Bounty program.

",GitHub,Enterprise Server,HIGH,HIGH,NETWORK,LOW,HIGH,LOW,HIGH,CHANGED,NONE
Authentication bypass in Fortra's GoAnywhere MFT prior to 7.4.1 allows an unauthorized user to create an admin user via the administration portal.,Fortra,GoAnywhere MFT,CRITICAL,LOW,NETWORK,HIGH,HIGH,HIGH,NONE,UNCHANGED,NONE
"
A symbolic link manipulation vulnerability in Trellix Anti-Malware Engine prior to the January 2024 release allows an authenticated local user to potentially gain an escalation of privileges. This was achieved by adding an entry to the registry under the Trellix ENS registry folder with a symbolic link to files that the user wouldn't normally have permission to. After a scan, the Engine would follow the links and remove the files

",Trellix,Anti-Malware Engine,HIGH,LOW,LOCAL,HIGH,NONE,HIGH,LOW,UNCHANGED,NONE
HTTP3 dissector crash in Wireshark 4.2.0 allows denial of service via packet injection or crafted capture file,Wireshark Foundation,Wireshark,HIGH,LOW,LOCAL,HIGH,HIGH,HIGH,NONE,UNCHANGED,REQUIRED
"GVCP dissector crash in Wireshark 4.2.0, 4.0.0 to 4.0.11, and 3.6.0 to 3.6.19 allows denial of service via packet injection or crafted capture file",Wireshark Foundation,Wireshark,HIGH,LOW,LOCAL,HIGH,HIGH,HIGH,NONE,UNCHANGED,REQUIRED
"IEEE 1609.2 dissector crash in Wireshark 4.2.0, 4.0.0 to 4.0.11, and 3.6.0 to 3.6.19 allows denial of service via packet injection or crafted capture file",Wireshark Foundation,Wireshark,HIGH,LOW,LOCAL,HIGH,HIGH,HIGH,NONE,UNCHANGED,REQUIRED
Zigbee TLV dissector crash in Wireshark 4.2.0 allows denial of service via packet injection or crafted capture file,Wireshark Foundation,Wireshark,HIGH,LOW,LOCAL,HIGH,HIGH,HIGH,NONE,UNCHANGED,REQUIRED
DOCSIS dissector crash in Wireshark 4.2.0 allows denial of service via packet injection or crafted capture file,Wireshark Foundation,Wireshark,HIGH,LOW,LOCAL,HIGH,HIGH,HIGH,NONE,UNCHANGED,REQUIRED
"The Cloudflare Wordpress plugin was found to be vulnerable to improper authentication. The vulnerability enables attackers with a lower privileged account to access data from the Cloudflare API.
",Cloudflare,Cloudflare-WordPress,HIGH,LOW,NETWORK,NONE,HIGH,HIGH,LOW,UNCHANGED,NONE
"
A buffer overflow vulnerability in TA for Linux and TA for MacOS prior to 5.8.1 allows a local user to gain elevated permissions, or cause a Denial of Service (DoS), through exploiting a memory corruption issue in the TA service, which runs as root. This may also result in the disabling of event reporting to ePO, caused by failure to validate input from the file correctly. 

",Trellix,Trellix Agent (TA),HIGH,LOW,LOCAL,HIGH,HIGH,HIGH,LOW,CHANGED,REQUIRED
"A Denial of Service (Dos) vulnerability in Nozomi Networks Guardian, caused by improper input validation in certain fields used in the Radius parsing functionality of our IDS, allows an unauthenticated attacker sending specially crafted malformed network packets to cause the IDS module to stop updating nodes, links, and assets.



Network traffic may not be analyzed until the IDS module is restarted.",Nozomi Networks,Guardian,HIGH,LOW,NETWORK,HIGH,NONE,NONE,NONE,UNCHANGED,NONE
"In Telerik JustDecompile versions prior to 2024 R1, a privilege elevation vulnerability has been identified in the applications installer component.  In an environment where an existing Telerik JustDecompile install is present, a lower privileged user has the ability to manipulate the installation package to elevate their privileges on the underlying operating system.",Progress Software,Telerik JustDecompile,HIGH,HIGH,LOCAL,HIGH,HIGH,HIGH,LOW,CHANGED,NONE
B&R Automation Studio Upgrade Service and B&R Technology Guarding use insufficient cryptography for communication to the upgrade and the licensing servers. A network-based attacker could exploit the vulnerability to execute arbitrary code on the products or sniff sensitive data.,B&R Industrial Automation,Automation Studio,HIGH,HIGH,NETWORK,HIGH,HIGH,HIGH,NONE,CHANGED,REQUIRED
Synopsys Seeker versions prior to 2023.12.0 are vulnerable to a stored cross-site scripting vulnerability through a specially crafted payload.,Synopsys,Seeker,MEDIUM,LOW,NETWORK,NONE,LOW,LOW,HIGH,CHANGED,REQUIRED
"A resource misdirection vulnerability in GitLab CE/EE versions 12.0 prior to 17.0.5, 17.1 prior to 17.1.3, and 17.2 prior to 17.2.1 allows an attacker to craft a repository import in such a way as to misdirect commits.",GitLab,GitLab,LOW,LOW,NETWORK,NONE,NONE,LOW,HIGH,UNCHANGED,NONE
"A memory leak in the Silicon Labs' Bluetooth stack for EFR32 products may cause memory to be exhausted when sending notifications to multiple clients, this results in all Bluetooth operations, such as advertising and scanning, to stop.",silabs.com,GSDK,MEDIUM,LOW,ADJACENT_NETWORK,HIGH,NONE,NONE,NONE,UNCHANGED,NONE
Under certain circumstances IQ Panel4 and IQ4 Hub panel software prior to version 4.4.2 could allow unauthorized access to settings.,"Qolsys, Inc.",IQ Panel 4,HIGH,LOW,PHYSICAL,HIGH,NONE,HIGH,NONE,CHANGED,NONE
"Buffer overflow in CPCA PCFAX number process of Office Multifunction Printers and Laser Printers(*) which may allow an attacker on the network segment to trigger the affected product being unresponsive or to execute arbitrary code.*:Satera MF750C Series firmware v03.07 and earlier sold in Japan. Color imageCLASS MF750C Series/Color imageCLASS X MF1333C firmware v03.07 and earlier sold in US. i-SENSYS MF754Cdw/C1333iF firmware v03.07 and earlier sold in Europe.

",Canon Inc.,Satera MF750C Series,CRITICAL,LOW,NETWORK,HIGH,HIGH,HIGH,NONE,UNCHANGED,NONE
ManageEngine ADSelfService Plus versions 6401 and below are vulnerable to the remote code execution due to the improper handling in the load balancer component. Authentication is required in order to exploit this vulnerability.,ManageEngine,ADSelfService Plus,HIGH,LOW,NETWORK,HIGH,HIGH,HIGH,LOW,UNCHANGED,NONE
ManageEngine ADAudit Plus versions 7270 and below are vulnerable to the Authenticated SQL injection in home Graph-Data.,ManageEngine,ADAudit Plus,HIGH,LOW,NETWORK,LOW,HIGH,HIGH,LOW,UNCHANGED,NONE
"
RoboDK v5.5.4

 is vulnerable to heap-based buffer overflow while processing a specific project file. The resulting memory corruption may crash the application.

",RoboDK,RoboDK,LOW,LOW,LOCAL,LOW,NONE,NONE,NONE,UNCHANGED,REQUIRED
"Fortra's Robot Schedule Enterprise Agent for Windows prior to version 3.04 is susceptible to privilege escalation. A low-privileged user can overwrite the service executable. When the service is restarted, the replaced binary runs with local system privileges, allowing a low-privileged user to gain elevated privileges.

",Fortra,Robot Schedule Enterprise Agent,HIGH,LOW,LOCAL,HIGH,HIGH,HIGH,LOW,UNCHANGED,REQUIRED
ManageEngine ADAudit Plus versions 7270 and below are vulnerable to the Authenticated SQL injection in File-Summary DrillDown. This issue has been fixed and released in version 7271.,ManageEngine,ADAudit Plus,HIGH,LOW,NETWORK,LOW,HIGH,HIGH,LOW,UNCHANGED,NONE
"
in OpenHarmony v4.0.0 and prior versions allow a local attacker cause DOS through improper input.",OpenHarmony,OpenHarmony,MEDIUM,HIGH,ADJACENT_NETWORK,LOW,NONE,LOW,NONE,CHANGED,NONE
"
A content-security-policy vulnerability in ENS Control browser extension prior to 10.7.0 Update 15 allows a remote attacker to alter the response header parameter setting to switch the content security policy into report-only mode, allowing an attacker to bypass the content-security-policy configuration. 

",Trellix,Trellix Endpoint Security (ENS) Web Control,MEDIUM,LOW,NETWORK,NONE,LOW,LOW,NONE,CHANGED,REQUIRED
A malicious insider can bypass the existing policy of Skyhigh Client Proxy without a valid release code.,Skyhigh,Skyhigh Client Proxy,MEDIUM,LOW,LOCAL,NONE,NONE,HIGH,LOW,UNCHANGED,NONE
A malicious insider can uninstall Skyhigh Client Proxy without a valid uninstall password.,Skyhigh,Skyhigh Client Proxy,MEDIUM,LOW,LOCAL,NONE,NONE,HIGH,LOW,UNCHANGED,NONE
"A malicious insider exploiting this vulnerability can circumvent existing security controls put in place by the organization. On the contrary, if the victim is legitimately using the temporary bypass to reach out to the Internet for retrieving application and system updates, a remote device could target it and undo the bypass, thereby denying the victim access to the update service, causing it to fail. ",Skyhigh,Skyhigh Client Proxy,MEDIUM,LOW,LOCAL,NONE,NONE,HIGH,LOW,UNCHANGED,NONE
"XSS vulnerability in FireEye Central Management affecting version 9.1.1.956704, which could allow an attacker to modify special HTML elements in the application and cause a reflected XSS, leading to a session hijacking.",FireEye ,FireEye Central Management,MEDIUM,LOW,NETWORK,NONE,LOW,LOW,NONE,UNCHANGED,REQUIRED
Remote file inclusion vulnerability in FireEye Central Management affecting version 9.1.1.956704. This vulnerability allows an attacker to upload a malicious PDF file to the system during the report creation process.,FireEye ,FireEye Central Management,MEDIUM,LOW,LOCAL,LOW,HIGH,LOW,LOW,UNCHANGED,NONE
"Improper cleanup vulnerability in exceptions thrown in FireEye Endpoint Security, affecting version 5.2.0.958244. This vulnerability could allow an attacker to send multiple request packets to the containment_notify/preview parameter, which could lead to a service outage.",FireEye ,FireEye Endpoint Security,MEDIUM,LOW,LOCAL,HIGH,NONE,LOW,NONE,UNCHANGED,NONE
"Cross-Site Scripting in FireEye EX, affecting version 9.0.3.936727. Exploitation of this vulnerability allows an attacker to send a specially crafted JavaScript payload via the 'type' and 's_f_name' parameters to an authenticated user to retrieve their session details.",FireEye ,FireEye EX,MEDIUM,LOW,NETWORK,NONE,LOW,LOW,NONE,UNCHANGED,REQUIRED
Cross-Site Scripting in FireEye HXTool affecting version 4.6. This vulnerability allows an attacker to store a specially crafted JavaScript payload in the 'Profile Name' and 'Hostname/IP' parameters that will be triggered when items are loaded.,FireEye ,FireEye HXTool,MEDIUM,LOW,NETWORK,NONE,LOW,LOW,NONE,UNCHANGED,REQUIRED
"Open Redirect vulnerability in FireEye HXTool affecting version 4.6, the exploitation of which could allow an attacker to redirect a legitimate user to a malicious page by changing the 'redirect_uri' parameter.",FireEye ,FireEye HXTool,MEDIUM,LOW,NETWORK,NONE,LOW,LOW,NONE,UNCHANGED,REQUIRED
Cross-Site Scripting in FireEye Malware Analysis (AX) affecting version 9.0.3.936530. This vulnerability allows an attacker to send a specially crafted JavaScript payload in the application URL to retrieve the session details of a legitimate user.,FireEye ,FireEye Malware Analysis (AX),MEDIUM,LOW,NETWORK,NONE,LOW,LOW,NONE,UNCHANGED,REQUIRED
"The FTP server used on the B&R
Automation Runtime supports unsecure encryption mechanisms, such as SSLv3,
TLSv1.0 and TLS1.1. An network-based attacker can exploit the flaws to conduct
man-in-the-middle attacks or to decrypt communications between the affected product
clients.",B&R Industrial Automation,Automation Runtime,CRITICAL,LOW,NETWORK,HIGH,HIGH,HIGH,NONE,UNCHANGED,NONE
"In Helix Sync versions prior to 2024.1, a local command injection was identified.  Reported by Bryan Riggins.  
",Helix,Sync,LOW,HIGH,LOCAL,NONE,LOW,LOW,LOW,UNCHANGED,NONE
"ABB has internally identified a vulnerability in the ABB VPNI feature of the S+ Control API component which may 
be used by several Symphony Plus products (e.g., S+ Operations, S+ Engineering and S+ Analyst)


This issue affects Symphony Plus S+ Operations: from 3..0;0 through 3.3 SP1 RU4, from 2.1;0 through 2.1 SP2 RU3, from 2.0;0 through 2.0 SP6 TC6; Symphony Plus S+ Engineering: from 2.1 through 2.3 RU3; Symphony Plus S+ Analyst: from 7.0.0.0 through 7.2.0.2.",ABB,Symphony Plus S+ Operations,HIGH,LOW,NETWORK,HIGH,NONE,NONE,NONE,UNCHANGED,NONE
A buffer overflow vulnerability has been found in XAMPP affecting version 8.2.4 and earlier. An attacker could execute arbitrary code through a long file debug argument that controls the Structured Exception Handler (SEH).,Apachefriends,XAMPP,HIGH,LOW,LOCAL,HIGH,HIGH,HIGH,LOW,UNCHANGED,REQUIRED
Local privilege escalation vulnerability potentially allowed an attacker to misuse ESET’s file operations to delete files without having proper permission.,"ESET, spol. s r.o.",ESET NOD32 Antivirus,HIGH,LOW,LOCAL,HIGH,HIGH,HIGH,LOW,UNCHANGED,NONE
The EDS-4000/G4000 Series prior to version 3.2 includes IP forwarding capabilities that users cannot deactivate. An attacker may be able to send requests to the product and have it forwarded to the target. An attacker can bypass access controls or hide the source of malicious requests.,Moxa,EDS-4008 Series,MEDIUM,LOW,ADJACENT_NETWORK,LOW,LOW,LOW,LOW,CHANGED,NONE
"A Cross-Site Request Forgery (CSRF) vulnerability exists in the management console of WSO2 Enterprise Integrator 6.6.0 due to the absence of CSRF token validation. This flaw allows attackers to craft malicious requests that can trigger state-changing operations on behalf of an authenticated user, potentially compromising account settings and data integrity. The vulnerability only affects a limited set of state-changing operations, and successful exploitation requires social engineering to trick a user with access to the management console into performing the malicious action.",WSO2,WSO2 Enterprise Integrator,MEDIUM,LOW,NETWORK,LOW,NONE,LOW,NONE,UNCHANGED,REQUIRED
"Rapid7 Minerva Armor versions below 4.5.5 suffer from a privilege escalation vulnerability whereby an authenticated attacker can elevate privileges and execute arbitrary code with SYSTEM privilege.  The vulnerability is caused by the product's implementation of OpenSSL's`OPENSSLDIR` parameter where it is set to a path accessible to low-privileged users.  The vulnerability has been remediated and fixed in version 4.5.5. 
",Rapid7,Minerva,HIGH,LOW,LOCAL,HIGH,HIGH,HIGH,LOW,UNCHANGED,NONE
"
In Progress MOVEit Transfer versions released before 2022.0.10 (14.0.10), 2022.1.11 (14.1.11), 2023.0.8 (15.0.8), 2023.1.3 (15.1.3), an input validation issue was discovered.  An authenticated user can manipulate a parameter in an HTTPS transaction.  The modified transaction could lead to computational errors within MOVEit Transfer and potentially result in a denial of service.

",Progress Software Corporation,MOVEit Transfer,HIGH,LOW,NETWORK,HIGH,NONE,LOW,LOW,UNCHANGED,NONE
"SCM Software is a client and server application. An Authenticated System manager client can execute LINQ query in the SCM server, for customized filtering. An Authenticated malicious client can send a specially crafted code to skip the validation and execute arbitrary code (RCE) on the SCM Server remotely. Malicious clients can execute any command by using this RCE vulnerability.",Hitachi Energy,MACH SCM,HIGH,HIGH,NETWORK,HIGH,HIGH,HIGH,LOW,UNCHANGED,NONE
"ASUS routers supporting custom OpenVPN profiles are vulnerable to a code execution vulnerability. An authenticated and remote attacker can execute arbitrary operating system commands by uploading a crafted OVPN profile. Known affected routers include ASUS ExpertWiFi, ASUS RT-AX55, ASUS RT-AX58U, ASUS RT-AC67U, ASUS RT-AC68R, ASUS RT-AC68U, ASUS RT-AX86, ASUS RT-AC86U, ASUS RT-AX88U, and ASUS RT-AX3000.",ASUS,ExpertWiFi,HIGH,LOW,NETWORK,HIGH,HIGH,HIGH,HIGH,UNCHANGED,NONE
"An issue has been discovered in GitLab CE/EE affecting all versions from 16.0 prior to 16.6.6, 16.7 prior to 16.7.4, and 16.8 prior to 16.8.1 which allows an authenticated user to write files to arbitrary locations on the GitLab server while creating a workspace.",GitLab,GitLab,CRITICAL,LOW,NETWORK,HIGH,HIGH,HIGH,LOW,CHANGED,NONE
"Recipes version 1.5.10 allows arbitrary HTTP requests to be made

through the server. This is possible because the application is

vulnerable to SSRF.




",Recipes,Recipes,MEDIUM,LOW,NETWORK,NONE,LOW,NONE,NONE,UNCHANGED,NONE
"An authorization bypass vulnerability was discovered in GitLab affecting versions 15.1 prior to 16.7.6, 16.8 prior to 16.8.3, and 16.9 prior to 16.9.1. A developer could bypass CODEOWNERS approvals by creating a merge conflict.",GitLab,GitLab,HIGH,HIGH,NETWORK,NONE,HIGH,HIGH,LOW,CHANGED,REQUIRED
"A denial service vulnerability has been found on  Hex Workshop affecting version 6.7, an attacker could send a command line file arguments and control the Structured Exception Handler (SEH) records resulting in a service shutdown.",Hex Workshop,Hex Workshop,HIGH,LOW,LOCAL,HIGH,HIGH,HIGH,LOW,UNCHANGED,REQUIRED
IObit Malware Fighter v11.0.0.1274 is vulnerable to a Denial of Service vulnerability by triggering the 0x8001E00C IOCTL code of the ImfHpRegFilter.sys driver.,IObit,IObit Malware Fighter,MEDIUM,LOW,LOCAL,HIGH,NONE,NONE,LOW,UNCHANGED,NONE
"A maliciously crafted STP, CATPART or MODEL file, when parsed in ASMKERN228A.dll and ASMdatax229A.dll through Autodesk AutoCAD, may force an Out-of-Bounds Write vulnerability. A malicious actor may leverage this vulnerability to cause a crash, cause data corruption, or execute arbitrary code in the context of the current process.",Autodesk,AutoCAD,HIGH,LOW,LOCAL,HIGH,HIGH,HIGH,NONE,UNCHANGED,REQUIRED
"An issue was found in the CPython `zipfile` module affecting versions 3.12.1, 3.11.7, 3.10.13, 3.9.18, and 3.8.18 and prior.

The zipfile module is vulnerable to “quoted-overlap” zip-bombs which exploit the zip format to create a zip-bomb with a high compression ratio. The fixed versions of CPython makes the zipfile module reject zip archives which overlap entries in the archive.

",Python Software Foundation,CPython,MEDIUM,LOW,LOCAL,HIGH,NONE,NONE,NONE,UNCHANGED,NONE
"ELAN Match-on-Chip FPR solution has design fault about potential risk of valid SID leakage and enumeration with spoof sensor.
This fault leads to that Windows Hello recognition would be bypass with cloning SID to cause broken account identity.
Version which is lower than 3.0.12011.08009(Legacy)/3.3.12011.08103(ESS) would suffer this risk on DELL Inspiron platform.",ELAN,DELL Inspiron,MEDIUM,LOW,PHYSICAL,LOW,HIGH,HIGH,LOW,UNCHANGED,REQUIRED
"An authorization vulnerability exists in GitLab versions 14.0 prior to 16.6.6, 16.7 prior to 16.7.4, and 16.8 prior to 16.8.1. An unauthorized attacker is able to assign arbitrary users to MRs that they created within the project",GitLab,GitLab,MEDIUM,LOW,NETWORK,NONE,NONE,LOW,LOW,UNCHANGED,NONE
"An attacker with access to a Management Console user account with the editor role could escalate privileges through a command injection vulnerability in the Management Console. This vulnerability affected all versions of GitHub Enterprise Server and was fixed in versions 3.11.3, 3.10.5, 3.9.8, and 3.8.13 This vulnerability was reported via the GitHub Bug Bounty program.",GitHub,Enterprise Server,MEDIUM,LOW,NETWORK,NONE,HIGH,HIGH,HIGH,UNCHANGED,NONE
Intumit inc. SmartRobot's web framwork has a remote code execution vulnerability. An unauthorized remote attacker can exploit this vulnerability to execute arbitrary commands on the remote server.,Intumit inc.,SmartRobot,CRITICAL,LOW,NETWORK,HIGH,HIGH,HIGH,NONE,UNCHANGED,NONE
"A Cross-site scripting (XSS) vulnerability has been found on WIC1200, affecting version 1.1. An authenticated user could store a malicious javascript payload in the device model parameter via '/setup/diags_ir_learn.asp', allowing the attacker to retrieve the session details of another user.",Full Compass Systems,WIC1200,MEDIUM,LOW,NETWORK,LOW,LOW,LOW,LOW,UNCHANGED,REQUIRED
"A Cross-Site Request Forgery (CSRF) vulnerability has been found on WIC1200, affecting version 1.1. An authenticated user could lead another user into executing unwanted actions inside the application they are logged in. This vulnerability is possible due to the lack of propper CSRF token implementation.",Full Compass Systems,WIC1200,MEDIUM,LOW,NETWORK,LOW,NONE,LOW,LOW,UNCHANGED,REQUIRED
A Weak Cryptography for Passwords vulnerability has been detected on WIC200 affecting version 1.1. This vulnerability allows a remote user to intercept the traffic and retrieve the credentials from another user and decode it in base64 allowing the attacker to see the credentials in plain text.,Full Compass Systems,WIC1200,HIGH,LOW,NETWORK,NONE,HIGH,LOW,LOW,UNCHANGED,NONE
Denial of service condition in M-Files Server in versions before 24.2 (excluding 23.2 SR7 and 23.8 SR5) allows anonymous user to cause denial of service against other anonymous users.,M-Files Corporation,M-Files Server,MEDIUM,LOW,NETWORK,LOW,NONE,NONE,LOW,UNCHANGED,NONE
"
CWE-287: Improper Authentication vulnerability exists that could cause unauthorized tampering
of device configuration over NFC communication.

",Schneider Electric,Harmony Control Relay RMNF22TB30,HIGH,LOW,ADJACENT_NETWORK,HIGH,HIGH,HIGH,NONE,UNCHANGED,NONE
"Omission of user-controlled key authorization in the IDMSistemas platform, affecting the QSige product. This vulnerability allows an attacker to extract sensitive information from the API by making a request to the parameter '/qsige.locator/quotePrevious/centers/X', where X supports values 1,2,3, etc.",IDMSistemas,"Sinergia, Sinergia 2.0, and Sinergia Corporativo",MEDIUM,LOW,NETWORK,NONE,HIGH,NONE,NONE,UNCHANGED,REQUIRED
"An Uncontrolled Resource Consumption vulnerability has been found on Sandsprite Scdbg.exe, affecting version 1.0. This vulnerability allows an attacker to send a specially crafted shellcode payload to the '/foff' parameter and cause an application shutdown. A malware program could use this shellcode sequence to shut down the application and evade the scan.",Sandsprite,Scdbg,MEDIUM,LOW,LOCAL,LOW,NONE,NONE,NONE,UNCHANGED,NONE
"Local privilege escalation vulnerability affects OpenText Operations Agent product versions 12.15 and 12.20-12.25 when installed on Non-Windows platforms. The vulnerability could allow local privilege escalation. 
",opentext,Operations Agent ,HIGH,LOW,LOCAL,HIGH,HIGH,HIGH,LOW,CHANGED,NONE
"Inadequate access control in the C21 Live Encoder and Live Mosaic product, version 5.3. This vulnerability allows a remote attacker to access the application as an administrator user through the application endpoint, due to lack of proper credential management.",Cires21,C21 Live Encoder and Live Mosaic,CRITICAL,LOW,NETWORK,HIGH,HIGH,HIGH,NONE,UNCHANGED,NONE
"Unrestricted upload of dangerous file types in the C21 Live Encoder and Live Mosaic product, version 5.3. This vulnerability allows a remote attacker to upload different file extensions without any restrictions, resulting in a full system compromise.",Cires21,C21 Live Encoder and Live Mosaic,CRITICAL,LOW,NETWORK,HIGH,HIGH,HIGH,NONE,CHANGED,NONE
Buffer overflow vulnerability in Explorer++ affecting version 1.3.5.531. A local attacker could execute arbitrary code via a long filename argument by monitoring Structured Exception Handler (SEH) records.,explorerplusplus,Explorer++.exe,HIGH,LOW,LOCAL,HIGH,HIGH,HIGH,LOW,UNCHANGED,REQUIRED
A Cross-Frame Scripting vulnerability has been found on Plone CMS affecting verssion below 6.0.5. An attacker could store a malicious URL to be opened by an administrator and execute a malicios iframe element.,Plone CMS,Plone CMS,MEDIUM,LOW,NETWORK,LOW,LOW,LOW,LOW,UNCHANGED,NONE
"Privilege escalation vulnerability in Lamassu Bitcoin ATM Douro machines, in its 7.1 version, which could allow a local user to acquire root permissions by modifying the updatescript.js, inserting special code inside the script and creating the done.txt file. This would cause the watchdog process to run as root and execute the payload stored in the updatescript.js.",Lamassu,Bitcoin ATM Douro machines,MEDIUM,HIGH,PHYSICAL,HIGH,HIGH,HIGH,LOW,UNCHANGED,NONE
"Vulnerability of improper checking for unusual or exceptional conditions

in Lamassu Bitcoin ATM Douro machines, in its 7.1 version,

 the exploitation of which could allow an attacker with physical access to the ATM to escape kiosk mode, access the underlying Xwindow interface and execute arbitrary commands as an unprivileged user.
",Lamassu,Bitcoin ATM Douro machines,MEDIUM,HIGH,PHYSICAL,HIGH,HIGH,HIGH,LOW,UNCHANGED,NONE
"Weak password requirement vulnerability 

in Lamassu Bitcoin ATM Douro machines, in its 7.1 version

, which allows a local user to interact with the machine where the application is installed, retrieve stored hashes from the machine and crack long 4-character passwords using a dictionary attack.",Lamassu,Bitcoin ATM Douro machines,MEDIUM,HIGH,PHYSICAL,NONE,HIGH,HIGH,LOW,UNCHANGED,NONE
"The SolarWinds Security Event Manager was susceptible to Remote Code Execution Vulnerability. This vulnerability allows an unauthenticated user to abuse SolarWinds’ service, resulting in remote code execution.",SolarWinds ,Security Event Manager ,HIGH,LOW,ADJACENT_NETWORK,HIGH,HIGH,HIGH,NONE,UNCHANGED,NONE
"Expression Language Injection vulnerability in Hitachi Global Link Manager on Windows allows Code Injection.This issue affects Hitachi Global Link Manager: before 8.8.7-03.

",Hitachi,Hitachi Global Link Manager,HIGH,LOW,NETWORK,HIGH,LOW,LOW,LOW,UNCHANGED,NONE
"Eclipse Target Management: Terminal and Remote System Explorer (RSE) version <= 4.5.400 has a remote code execution vulnerability that does not require authentication. 





The fixed version is included in Eclipse IDE 2024-03


",Eclipse Foundation,Eclipse Target Management,CRITICAL,LOW,NETWORK,HIGH,HIGH,HIGH,NONE,UNCHANGED,NONE
"A malicious client can send many DNS messages over TCP, potentially causing the server to become unstable while the attack is in progress. The server may recover after the attack ceases. Use of ACLs will not mitigate the attack. 
This issue affects BIND 9 versions 9.18.1 through 9.18.27, 9.19.0 through 9.19.24, and 9.18.11-S1 through 9.18.27-S1.",ISC,BIND 9,HIGH,LOW,NETWORK,HIGH,NONE,NONE,NONE,UNCHANGED,NONE
"Potential buffer overflow 
in unsafe UEFI variable handling 

in Phoenix SecureCore™ for select Intel platforms

This issue affects:

Phoenix 

SecureCore™ for Intel Kaby Lake: from 4.0.1.1 before 4.0.1.998;

Phoenix 

SecureCore™ for Intel Coffee Lake: from 4.1.0.1 before 4.1.0.562;

Phoenix 

SecureCore™ for Intel Ice Lake: from 4.2.0.1 before 4.2.0.323;

Phoenix 

SecureCore™ for Intel Comet Lake: from 4.2.1.1 before 4.2.1.287;

Phoenix 

SecureCore™ for Intel Tiger Lake: from 4.3.0.1 before 4.3.0.236;

Phoenix 

SecureCore™ for Intel Jasper Lake: from 4.3.1.1 before 4.3.1.184;

Phoenix 

SecureCore™ for Intel Alder Lake: from 4.4.0.1 before 4.4.0.269;

Phoenix 

SecureCore™ for Intel Raptor Lake: from 4.5.0.1 before 4.5.0.218;

Phoenix 

SecureCore™ for Intel Meteor Lake: from 4.5.1.1 before 4.5.1.15.",Phoenix,SecureCore™ for Intel Kaby Lake,HIGH,HIGH,LOCAL,HIGH,HIGH,HIGH,HIGH,CHANGED,NONE
SUPERAntiSpyware Pro X v10.0.1260 is vulnerable to kernel-level API parameters manipulation and Denial of Service vulnerabilities by triggering the 0x9C402140 IOCTL code of the saskutil64.sys driver.,SUPERAntiSpyware,SUPERAntiSpyware Pro X,MEDIUM,HIGH,LOCAL,HIGH,LOW,LOW,LOW,UNCHANGED,NONE
An authentication bypass vulnerability exists in Arcserve Unified Data Protection 9.2 and 8.1 in the edge-app-base-webui.jar!com.ca.arcserve.edge.app.base.ui.server.EdgeLoginServiceImpl.doLogin() function within wizardLogin.,Arcserve,Unified Data Protection,CRITICAL,LOW,NETWORK,HIGH,HIGH,HIGH,NONE,UNCHANGED,NONE
A path traversal vulnerability exists in Arcserve Unified Data Protection 9.2 and 8.1 in edge-app-base-webui.jar!com.ca.arcserve.edge.app.base.ui.server.servlet.ImportNodeServlet.,Arcserve,Unified Data Protection,HIGH,LOW,NETWORK,HIGH,HIGH,HIGH,LOW,UNCHANGED,NONE
A denial of service vulnerability exists in Arcserve Unified Data Protection 9.2 and 8.1 in ASNative.dll.,Arcserve,Unified Data Protection,HIGH,LOW,NETWORK,HIGH,NONE,NONE,NONE,UNCHANGED,NONE
Incorrect Pointer Scaling vulnerability in Mitsubishi Electric Corporation MELSEC-Q Series and MELSEC-L Series CPU modules allows a remote unauthenticated attacker to read arbitrary information from a target product or execute malicious code on a target product by sending a specially crafted packet.,Mitsubishi Electric Corporation,MELSEC-Q Series Q03UDECPU,CRITICAL,LOW,NETWORK,HIGH,HIGH,HIGH,NONE,UNCHANGED,NONE
Integer Overflow or Wraparound vulnerability in Mitsubishi Electric Corporation MELSEC-Q Series and MELSEC-L Series CPU modules allows a remote unauthenticated attacker to execute malicious code on a target product by sending a specially crafted packet.,Mitsubishi Electric Corporation,MELSEC-Q Series Q03UDECPU,CRITICAL,LOW,NETWORK,HIGH,HIGH,HIGH,NONE,UNCHANGED,NONE
The buffer overflow vulnerability in the DX3300-T1 firmware version V5.50(ABVY.4)C0 could allow an authenticated local attacker to cause denial of service (DoS) conditions by executing the CLI command with crafted strings on an affected device.,Zyxel,DX3300-T1 firmware,MEDIUM,LOW,LOCAL,HIGH,NONE,NONE,LOW,UNCHANGED,NONE
"
Improper initialization of default settings in TeamViewer Remote Client prior version 15.51.5 for Windows, Linux and macOS, allow a low privileged user to elevate privileges by changing the personal password setting and establishing a remote connection to a logged-in admin account.

",TeamViewer,Remote Full Client,HIGH,LOW,LOCAL,HIGH,HIGH,HIGH,LOW,UNCHANGED,REQUIRED
"Vault and Vault Enterprise (“Vault”) may expose sensitive information when enabling an audit device which specifies the `log_raw` option, which may log sensitive information to other audit devices, regardless of whether they are configured to use `log_raw`.",HashiCorp,Vault,MEDIUM,LOW,NETWORK,NONE,HIGH,NONE,HIGH,UNCHANGED,REQUIRED
"In Telerik Reporting versions prior to 2024 R1, a privilege elevation vulnerability has been identified in the applications installer component.  In an environment where an existing Telerik Reporting install is present, a lower privileged user has the ability to manipulate the installation package to elevate their privileges on the underlying operating system.",Progress Software,Telerik Reporting,HIGH,HIGH,LOCAL,HIGH,HIGH,HIGH,LOW,CHANGED,NONE
"In Telerik Test Studio versions prior to 

v2023.3.1330, a privilege elevation vulnerability has been identified in the applications installer component.  In an environment where an existing Telerik Test Studio install is present, a lower privileged user has the ability to manipulate the installation package to elevate their privileges on the underlying operating system.",Progress Software,Telerik Test Studio,HIGH,HIGH,LOCAL,HIGH,HIGH,HIGH,LOW,CHANGED,NONE
"The Grandstream UCM Series IP PBX before firmware version 1.0.20.52 is affected by a parameter injection vulnerability in the HTTP interface. A remote and authenticated attacker can execute arbitrary code by sending a crafted HTTP request. Authentication may be possible using a default user and password. Affected models are the UCM6202, UCM6204, UCM6208, and UCM6510.
",Grandstream,UCM Series,HIGH,LOW,NETWORK,HIGH,HIGH,HIGH,LOW,UNCHANGED,NONE
Leanote version 2.7.0 allows obtaining arbitrary local files. This is possible because the application is vulnerable to LFR.,Leanote,Leanote,MEDIUM,LOW,LOCAL,NONE,HIGH,NONE,NONE,UNCHANGED,REQUIRED
"URL redirection to untrusted site ('Open Redirect') vulnerability in file access component in Synology DiskStation Manager (DSM) before 6.2.4-25556-8, 7.0.1-42218-7, 7.1.1-42962-7 and 7.2.1-69057-2 allows remote authenticated users to conduct phishing attacks via unspecified vectors.",Synology,DiskStation Manager (DSM),MEDIUM,LOW,NETWORK,NONE,LOW,LOW,LOW,CHANGED,REQUIRED
Improper Neutralization of Special Elements used in an SQL Command ('SQL Injection') vulnerability in Universal Software Inc. FlexWater Corporate Water Management allows SQL Injection.This issue affects FlexWater Corporate Water Management: before 5.452.0.,Universal Software Inc.,FlexWater Corporate Water Management,CRITICAL,LOW,NETWORK,HIGH,HIGH,HIGH,NONE,UNCHANGED,NONE
"
The affected product is vulnerable to a cleartext transmission of sensitive information vulnerability, which may allow an attacker to capture packets to craft their own requests.

",Softing,edgeConnector,HIGH,LOW,ADJACENT_NETWORK,HIGH,HIGH,HIGH,NONE,UNCHANGED,REQUIRED
"An issue has been discovered in GitLab EE affecting all versions starting from 16.4 before 16.7.6, all versions starting from 16.8 before 16.8.3, all versions starting from 16.9 before 16.9.1. Users with the `Guest` role can change `Custom dashboard projects` settings contrary to permissions.",GitLab,GitLab,MEDIUM,LOW,NETWORK,NONE,NONE,LOW,LOW,UNCHANGED,NONE
The Proofpoint Encryption endpoint of Proofpoint Enterprise Protection contains a Server-Side Request Forgery vulnerability that allows an authenticated user to relay HTTP requests from the Protection server to otherwise private network addresses.,Proofpoint,Enterprise Protection,MEDIUM,LOW,NETWORK,NONE,LOW,NONE,LOW,CHANGED,NONE
"CWE-798: Use of hard-coded credentials vulnerability exists that could cause local privilege
escalation when logged in as a non-administrative user.",Schneider Electric,EcoStruxure IT Gateway,HIGH,LOW,LOCAL,HIGH,HIGH,HIGH,LOW,UNCHANGED,NONE
"
Authentication bypass in vector-admin allows a user to register to a vector-admin server while “domain restriction” is active, even when not owning an authorized email address.


",Mintplex-Labs,vector-admin,MEDIUM,LOW,NETWORK,NONE,LOW,LOW,NONE,UNCHANGED,NONE
"Remotely executed SEGV and out of bounds read allows malicious packet sender to crash or cause an out of bounds read via sending a malformed packet with the correct length.
",wolfSSL,wolfSSL,HIGH,HIGH,NETWORK,HIGH,NONE,LOW,NONE,CHANGED,NONE
"Unauthenticated file upload allows remote code execution.
This issue affects UvDesk Community: from 1.0.0 through 1.1.3.

",Webkul Software,UvDesk Community,CRITICAL,LOW,NETWORK,HIGH,HIGH,HIGH,NONE,CHANGED,NONE
Insertion of Sensitive Information into Log File vulnerabilities are affecting DELMIA Apriso Release 2019 through Release 2024,Dassault Systèmes,DELMIA Apriso,MEDIUM,LOW,LOCAL,NONE,HIGH,NONE,HIGH,UNCHANGED,NONE
"Reliance on Cookies without Validation and Integrity Checking vulnerability in Talya Informatics Elektraweb allows Session Credential Falsification through Manipulation, Accessing/Intercepting/Modifying HTTP Cookies, Manipulating Opaque Client-based Data Tokens.This issue affects Elektraweb: before v17.0.68.",Talya Informatics,Elektraweb,CRITICAL,LOW,NETWORK,HIGH,HIGH,HIGH,NONE,UNCHANGED,NONE
"Improper Access Control, Missing Authorization, Incorrect Authorization, Incorrect Permission Assignment for Critical Resource, Missing Authentication, Weak Authentication, Improper Restriction of Communication Channel to Intended Endpoints vulnerability in Talya Informatics Elektraweb allows Exploiting Incorrectly Configured Access Control Security Levels, Manipulating Web Input to File System Calls, Embedding Scripts within Scripts, Malicious Logic Insertion, Modification of Windows Service Configuration, Malicious Root Certificate, Intent Spoof, WebView Exposure, Data Injected During Configuration, Incomplete Data Deletion in a Multi-Tenant Environment, Install New Service, Modify Existing Service, Install Rootkit, Replace File Extension Handlers, Replace Trusted Executable, Modify Shared File, Add Malicious File to Shared Webroot, Run Software at Logon, Disable Security Software.This issue affects Elektraweb: before v17.0.68.",Talya Informatics,Elektraweb,CRITICAL,LOW,NETWORK,HIGH,HIGH,HIGH,NONE,UNCHANGED,NONE
"
A stored XSS vulnerability exists where an authenticated, remote attacker with administrator privileges on the Nessus application could alter Nessus proxy settings, which could lead to the execution of remote arbitrary scripts. 

",Tenable,Nessus,MEDIUM,LOW,NETWORK,NONE,LOW,LOW,HIGH,CHANGED,REQUIRED
A potential vulnerability has been identified in OpenText / Micro Focus ArcSight Enterprise Security Manager (ESM). The vulnerability could be remotely exploited.,OpenText,ArcSight Enterprise Security Manager,MEDIUM,LOW,NETWORK,NONE,LOW,NONE,LOW,UNCHANGED,NONE
"
A SQL injection vulnerability exists where an authenticated, low-privileged remote attacker could potentially alter scan DB content.

",Tenable,Nessus,MEDIUM,LOW,NETWORK,NONE,NONE,HIGH,LOW,UNCHANGED,NONE
"Okta Browser Plugin versions 6.5.0 through 6.31.0 (Chrome/Edge/Firefox/Safari) are vulnerable to cross-site scripting. This issue occurs when the plugin prompts the user to save these credentials within Okta Personal. A fix was implemented to properly escape these fields, addressing the vulnerability. Importantly, if Okta Personal is not added to the plugin to enable multi-account view, the Workforce Identity Cloud plugin is not affected by this issue. The vulnerability is fixed in Okta Browser Plugin version 6.32.0 for Chrome/Edge/Safari/Firefox.",Okta,Okta Browser Plugin,HIGH,LOW,NETWORK,NONE,HIGH,LOW,NONE,UNCHANGED,REQUIRED
